tool:FI0/opt0/atom0/rhs0+	SURVIVED
tool:FI0/opt0/atom0/rhs0-	SURVIVED
tool:FI0/opt0/atom0/rhs1+	SURVIVED
tool:FI0/opt0/atom0/rhs1-	SURVIVED
tool:FI0/opt1/atom0/rhs0+	SURVIVED
tool:FI0/opt1/atom0/rhs0-	SURVIVED
tool:FI0/opt1/atom0/rhs1+	SURVIVED
tool:FI0/opt1/atom0/rhs1-	SURVIVED
tool:FI0/opt2/atom0/rhs0+	SURVIVED
tool:FI0/opt2/atom0/rhs0-	SURVIVED
tool:FI0/opt2/atom0/rhs1+	SURVIVED
tool:FI0/opt2/atom0/rhs1-	SURVIVED
tool:FI1/opt0/atom0/rhs0+	SURVIVED
tool:FI1/opt0/atom0/rhs0-	SURVIVED
tool:FI1/opt0/atom0/rhs1+	SURVIVED
tool:FI1/opt0/atom0/rhs1-	SURVIVED
tool:FI1/opt1/atom0/rhs0+	SURVIVED
tool:FI1/opt1/atom0/rhs0-	SURVIVED
tool:FI1/opt1/atom0/rhs1+	SURVIVED
tool:FI1/opt1/atom0/rhs1-	SURVIVED
tool:FI1/opt2/atom0/rhs0+	SURVIVED
tool:FI1/opt2/atom0/rhs0-	SURVIVED
tool:FI1/opt2/atom0/rhs1+	SURVIVED
tool:FI1/opt2/atom0/rhs1-	SURVIVED
tool:FI2/opt0/atom0/rhs0+	SURVIVED
tool:FI2/opt0/atom0/rhs0-	SURVIVED
tool:FI2/opt0/atom0/rhs1+	SURVIVED
tool:FI2/opt0/atom0/rhs1-	SURVIVED
tool:FI2/opt1/atom0/rhs0+	SURVIVED
tool:FI2/opt1/atom0/rhs0-	SURVIVED
tool:FI2/opt1/atom0/rhs1+	SURVIVED
tool:FI2/opt1/atom0/rhs1-	SURVIVED
tool:FI2/opt2/atom0/rhs0+	SURVIVED
tool:FI2/opt2/atom0/rhs0-	SURVIVED
tool:FI2/opt2/atom0/rhs1+	SURVIVED
tool:FI2/opt2/atom0/rhs1-	SURVIVED
tool:RS0/opt0/atom0/rhs0+	SURVIVED
tool:RS0/opt0/atom0/rhs0-	SURVIVED
tool:RS0/opt0/atom0/rhs1+	SURVIVED
tool:RS0/opt0/atom0/rhs1-	SURVIVED
tool:RS0/opt1/atom0/rhs0+	SURVIVED
tool:RS0/opt1/atom0/rhs0-	SURVIVED
tool:RS0/opt1/atom0/rhs1+	SURVIVED
tool:RS0/opt1/atom0/rhs1-	SURVIVED
tool:RS1/opt0/atom0/rhs0+	killed
tool:RS1/opt0/atom0/rhs0-	SURVIVED
tool:RS1/opt0/atom0/rhs1+	killed
tool:RS1/opt0/atom0/rhs1-	SURVIVED
tool:RS1/opt1/atom0/rhs0+	killed
tool:RS1/opt1/atom0/rhs0-	killed
tool:RS1/opt1/atom0/rhs1+	killed
tool:RS1/opt1/atom0/rhs1-	killed
tool:RS2/opt0/atom0/rhs0+	SURVIVED
tool:RS2/opt0/atom0/rhs0-	SURVIVED
tool:RS2/opt0/atom0/rhs1+	killed
tool:RS2/opt0/atom0/rhs1-	SURVIVED
tool:RS2/opt1/atom0/rhs0+	killed
tool:RS2/opt1/atom0/rhs0-	killed
tool:RS2/opt1/atom0/rhs1+	killed
tool:RS2/opt1/atom0/rhs1-	killed
tool:RS3/opt0/atom0/rhs0+	SURVIVED
tool:RS3/opt0/atom0/rhs0-	SURVIVED
tool:RS3/opt0/atom0/rhs1+	SURVIVED
tool:RS3/opt0/atom0/rhs1-	SURVIVED
tool:ELEM/opt0/atom0/rhs0+	SURVIVED
tool:ELEM/opt0/atom0/rhs0-	SURVIVED
tool:ELEM/opt0/atom0/rhs1+	SURVIVED
tool:ELEM/opt0/atom0/rhs1-	SURVIVED
tool:ELEM/opt0/atom1/rhs0+	SURVIVED
tool:ELEM/opt0/atom1/rhs0-	SURVIVED
tool:ELEM/opt0/atom1/rhs1+	SURVIVED
tool:ELEM/opt0/atom1/rhs1-	SURVIVED
tool:ELEM/opt0/atom2/rhs0+	SURVIVED
tool:ELEM/opt0/atom2/rhs0-	SURVIVED
tool:ELEM/opt0/atom2/rhs1+	SURVIVED
tool:ELEM/opt0/atom2/rhs1-	SURVIVED
region:typeI/row0/rhs0+	SURVIVED
region:typeI/row0/rhs0-	SURVIVED
region:typeI/row0/rhs1+	SURVIVED
region:typeI/row0/rhs1-	SURVIVED
region:typeI/row1/rhs0+	SURVIVED
region:typeI/row1/rhs0-	SURVIVED
region:typeI/row1/rhs1+	killed
region:typeI/row1/rhs1-	SURVIVED
region:typeI/row2/rhs0+	SURVIVED
region:typeI/row2/rhs0-	SURVIVED
region:typeI/row2/rhs1+	SURVIVED
region:typeI/row2/rhs1-	SURVIVED
region:typeI/row3/rhs0+	killed
region:typeI/row3/rhs0-	SURVIVED
region:typeI/row3/rhs1+	killed
region:typeI/row3/rhs1-	SURVIVED
region:typeI/row4/rhs0+	killed
region:typeI/row4/rhs0-	SURVIVED
region:typeI/row4/rhs1+	killed
region:typeI/row4/rhs1-	SURVIVED
region:typeI/row5/rhs0+	SURVIVED
region:typeI/row5/rhs0-	SURVIVED
region:typeI/row5/rhs1+	SURVIVED
region:typeI/row5/rhs1-	SURVIVED
region:typeII/row0/rhs0+	SURVIVED
region:typeII/row0/rhs0-	SURVIVED
region:typeII/row0/rhs1+	killed
region:typeII/row0/rhs1-	SURVIVED
region:typeII/row1/rhs0+	SURVIVED
region:typeII/row1/rhs0-	SURVIVED
region:typeII/row1/rhs1+	SURVIVED
region:typeII/row1/rhs1-	SURVIVED
region:typeII/row2/rhs0+	SURVIVED
region:typeII/row2/rhs0-	SURVIVED
region:typeII/row2/rhs1+	SURVIVED
region:typeII/row2/rhs1-	SURVIVED
region:typeII/row3/rhs0+	killed
region:typeII/row3/rhs0-	SURVIVED
region:typeII/row3/rhs1+	killed
region:typeII/row3/rhs1-	SURVIVED
region:typeII/row4/rhs0+	killed
region:typeII/row4/rhs0-	SURVIVED
region:typeII/row4/rhs1+	killed
region:typeII/row4/rhs1-	SURVIVED
region:typeII/row5/rhs0+	SURVIVED
region:typeII/row5/rhs0-	SURVIVED
region:typeII/row5/rhs1+	SURVIVED
region:typeII/row5/rhs1-	SURVIVED
